,author,content,created_at,headline,id,images,source,summary,symbols,updated_at,url
0,Michael Horton,,2023-01-13T21:27:51Z,"Top 15 Trending Stocks On WallStreetBets As Of Friday, Jan. 13, 2023 (Via Swaggy Stocks)",30418206,[],benzinga,,"['AAPL', 'AI', 'AMZN', 'BBBY', 'COIN', 'CVNA', 'GLD', 'JPM', 'NEGG', 'NFLX', 'NVDA', 'QQQ', 'SLV', 'SPCE', 'TSLA']",2023-01-13T21:27:51Z,https://www.benzinga.com/trading-ideas/23/01/30418206/top-15-trending-stocks-on-wallstreetbets-as-of-friday-jan-13-2023-via-swaggy-stocks
1,Benzinga Insights,,2023-01-13T17:41:11Z,10 Information Technology Stocks Whale Activity In Today's Session,30414128,"[{'size': 'large', 'url': 'https://cdn.benzinga.com/files/imagecache/2048x1536xUP/images/story/2023/options_image_94.jpeg'}, {'size': 'small', 'url': 'https://cdn.benzinga.com/files/imagecache/1024x768xUP/images/story/2023/options_image_94.jpeg'}, {'size': 'thumb', 'url': 'https://cdn.benzinga.com/files/imagecache/250x187xUP/images/story/2023/options_image_94.jpeg'}]",benzinga,"This whale alert can help traders discover the next big trading opportunities.
Whales are entities with large sums of money and we track their transactions here at Benzinga on our options activity scanner.","['AAPL', 'AMD', 'DELL', 'MARA', 'NVDA', 'QCOM', 'TACT', 'TXN', 'ZM', 'ZS']",2023-01-13T17:41:12Z,https://www.benzinga.com/markets/options/23/01/30414128/10-information-technology-stocks-whale-activity-in-todays-session
2,AJ Fabino,,2023-01-13T15:46:54Z,Top-Performing Hedge Fund In 2022 Has This Strategy To Thank: How Much Did It Make Last Year?,30396479,"[{'size': 'large', 'url': 'https://cdn.benzinga.com/files/imagecache/2048x1536xUP/images/story/2023/01/13/shutterstock_1924209248.jpg'}, {'size': 'small', 'url': 'https://cdn.benzinga.com/files/imagecache/1024x768xUP/images/story/2023/01/13/shutterstock_1924209248.jpg'}, {'size': 'thumb', 'url': 'https://cdn.benzinga.com/files/imagecache/250x187xUP/images/story/2023/01/13/shutterstock_1924209248.jpg'}]",benzinga,Macro trading is an investment strategy that takes into account both domestic and global macroeconomic trends.,"['AAPL', 'ABBV', 'BAC', 'CRM', 'EQT', 'FXI', 'HYG', 'LLY', 'MSFT', 'NVDA', 'PINS', 'QQQ', 'SWN', 'TSM', 'XLE', 'XLF']",2023-01-13T15:48:56Z,https://www.benzinga.com/news/large-cap/23/01/30396479/top-performing-hedge-fund-in-2022-has-this-strategy-to-thank-how-much-did-it-make-last-year
3,Benzinga Newsdesk,,2023-01-13T14:19:06Z,"Rosenblatt Maintains Buy on Apple, Lowers Price Target to $165",30409696,[],benzinga,,['AAPL'],2023-01-13T14:19:07Z,https://www.benzinga.com/news/23/01/30409696/rosenblatt-maintains-buy-on-apple-lowers-price-target-to-165
4,Benzinga Newsdesk,,2023-01-13T14:01:54Z,"Benzinga Pro's Top 5 Stocks To Watch For Friday, January 13, 2023: AAPL, NFLX, WEN, PANW, APRN",30409286,[],benzinga,,"['AAPL', 'APRN', 'NFLX', 'PANW', 'WEN']",2023-01-13T14:01:55Z,https://www.benzinga.com/pre-market-outlook/23/01/30409286/benzinga-pros-top-5-stocks-to-watch-for-friday-january-13-2023-aapl-nflx-wen-panw-aprn
5,Shanthi Rexaline,,2023-01-13T06:00:13Z,iPhone's Long-Term Prospects Intact But Here's Why Analyst Still Expects Apple To Give Soft Outlook On Feb. 2,30403694,"[{'size': 'large', 'url': 'https://cdn.benzinga.com/files/imagecache/2048x1536xUP/images/story/2023/01/13/apple_photo_by_tishomir_on_shutterstock.jpg'}, {'size': 'small', 'url': 'https://cdn.benzinga.com/files/imagecache/1024x768xUP/images/story/2023/01/13/apple_photo_by_tishomir_on_shutterstock.jpg'}, {'size': 'thumb', 'url': 'https://cdn.benzinga.com/files/imagecache/250x187xUP/images/story/2023/01/13/apple_photo_by_tishomir_on_shutterstock.jpg'}]",benzinga,Taiwan Semiconductor Manufacturing Company Limited’s (NYSE: TSM) quarterly results have a bearing on Apple Inc.,"['AAPL', 'TSM']",2023-01-13T06:00:14Z,https://www.benzinga.com/analyst-ratings/analyst-color/23/01/30403694/iphones-long-term-prospects-intact-but-heres-why-analyst-still-expects-apple-to-giv
6,Shivdeep Dhaliwal,,2023-01-13T02:19:21Z,Why Apple CEO Tim Cook Is Staring At A Big Pay Cut In 2023,30402939,"[{'size': 'large', 'url': 'https://cdn.benzinga.com/files/imagecache/2048x1536xUP/images/story/2023/01/12/shutterstock_1996576031.jpg'}, {'size': 'small', 'url': 'https://cdn.benzinga.com/files/imagecache/1024x768xUP/images/story/2023/01/12/shutterstock_1996576031.jpg'}, {'size': 'thumb', 'url': 'https://cdn.benzinga.com/files/imagecache/250x187xUP/images/story/2023/01/12/shutterstock_1996576031.jpg'}]",benzinga,Apple Inc (NASDAQ: AAPL) CEO Tim Cook is expected to take home a smaller pay package in 2023 compared with last year.,['AAPL'],2023-01-13T02:19:21Z,https://www.benzinga.com/news/23/01/30402939/why-apple-ceo-tim-cook-is-staring-at-a-big-pay-cut-in-2023
7,Bhavik Nair,,2023-01-13T01:07:44Z,"Tesla, Amazon, Apple, Bed Bath & Beyond, Marathon Digital: Why These 5 Stocks Are Drawing Investors' Attention Today",30402614,"[{'size': 'large', 'url': 'https://cdn.benzinga.com/files/imagecache/2048x1536xUP/images/story/2023/01/12/shutterstock_377247718.jpg'}, {'size': 'small', 'url': 'https://cdn.benzinga.com/files/imagecache/1024x768xUP/images/story/2023/01/12/shutterstock_377247718.jpg'}, {'size': 'thumb', 'url': 'https://cdn.benzinga.com/files/imagecache/250x187xUP/images/story/2023/01/12/shutterstock_377247718.jpg'}]",benzinga,"Major Wall Street indices closed in the green on Thursday after U.S. December inflation fell in line with expectations. The consumer price index rose 6.5% in December, down from 7.1% in November, according to data from the Labor Department.","['AAPL', 'AMZN', 'BBBY', 'BTCUSD', 'ETHUSD', 'MARA', 'TSLA']",2023-01-13T01:07:45Z,https://www.benzinga.com/news/23/01/30402614/tesla-amazon-apple-bed-bath-beyond-marathon-digital-why-these-5-stocks-are-drawing-investors-attenti
